{
    "input_path": "/data/repos/race-ocr/data/golden/job9_val_50/bib_crops/DSC_0439__bib_001__c0.640.jpg",
    "page_index": null,
    "model_settings": {
        "use_doc_preprocessor": false,
        "use_textline_orientation": false
    },
    "dt_polys": [
        [
            [
                40,
                36
            ],
            [
                87,
                41
            ],
            [
                85,
                61
            ],
            [
                38,
                55
            ]
        ],
        [
            [
                125,
                36
            ],
            [
                161,
                36
            ],
            [
                161,
                52
            ],
            [
                125,
                52
            ]
        ],
        [
            [
                37,
                58
            ],
            [
                117,
                66
            ],
            [
                111,
                131
            ],
            [
                32,
                123
            ]
        ],
        [
            [
                92,
                73
            ],
            [
                180,
                73
            ],
            [
                180,
                144
            ],
            [
                92,
                144
            ]
        ]
    ],
    "text_det_params": {
        "limit_side_len": 64,
        "limit_type": "min",
        "thresh": 0.3,
        "max_side_limit": 4000,
        "box_thresh": 0.6,
        "unclip_ratio": 1.5
    },
    "text_type": "general",
    "textline_orientation_angles": [
        -1,
        -1,
        -1,
        -1
    ],
    "text_rec_score_thresh": 0.0,
    "return_word_box": false,
    "rec_texts": [
        "NIGHTRMNI",
        "FH",
        "1475",
        "E"
    ],
    "rec_scores": [
        0.6109573841094971,
        0.5006499290466309,
        0.9990483522415161,
        0.5570917129516602
    ],
    "rec_polys": [
        [
            [
                40,
                36
            ],
            [
                87,
                41
            ],
            [
                85,
                61
            ],
            [
                38,
                55
            ]
        ],
        [
            [
                125,
                36
            ],
            [
                161,
                36
            ],
            [
                161,
                52
            ],
            [
                125,
                52
            ]
        ],
        [
            [
                37,
                58
            ],
            [
                117,
                66
            ],
            [
                111,
                131
            ],
            [
                32,
                123
            ]
        ],
        [
            [
                92,
                73
            ],
            [
                180,
                73
            ],
            [
                180,
                144
            ],
            [
                92,
                144
            ]
        ]
    ],
    "rec_boxes": [
        [
            38,
            36,
            87,
            61
        ],
        [
            125,
            36,
            161,
            52
        ],
        [
            32,
            58,
            117,
            131
        ],
        [
            92,
            73,
            180,
            144
        ]
    ]
}